<?xml version="1.0" encoding="utf-8" ?>
<Defs>

	<ThoughtDef>
		<defName>AdRef_ThoughtDef_AteSynthMeal</defName>
		<workerClass>ThoughtWorker_Hediff</workerClass>
		<hediff>AdRef_HeDiffs_SynthMealEffect</hediff>
		<stages>
			<li>
				<label>Ate a synth meal</label>
				<description>UGH! That was DISGUSTING!! I'm never touching a synth meal again!</description>
				<baseMoodEffect>-10</baseMoodEffect>
			</li>
			<li>
				<label>Ate another synth meal</label>
				<description>Yuck! Why did I do that?</description>
				<baseMoodEffect>-5</baseMoodEffect>
			</li>
			<li>
				<label>Getting used to synth meals</label>
				<description>I keep eating synth meals. Why do I do that? But it wasn't as bad as I expected it to be. Maybe I'm getting used to them?</description>
				<baseMoodEffect>-3</baseMoodEffect>
			</li>
			<li>
				<label>Ate too many synth meals</label>
				<description>I'm starting to have dreams about synth meals... That's scary! Right?</description>
				<baseMoodEffect>-1</baseMoodEffect>
			</li>
			<li>
				<label>Addicted to synth meals</label>
				<description>*Hums happily*\n\n(This is either a happy drone or the early stages of heavy metal toxicity)</description>
				<baseMoodEffect>10</baseMoodEffect>
			</li>
		</stages>
	</ThoughtDef>

</Defs>