<?xml version="1.0" encoding="utf-8" ?>
<Defs>

	<!-- ============ ARRawResourceBase ============ -->

	<ThingDef Name="ARRawResourceBase" Abstract="True">
		<thingClass>ThingWithComps</thingClass>
		<label>unspecified resource</label>
		<category>Item</category>
		<resourceReadoutPriority>Middle</resourceReadoutPriority>
		<useHitPoints>true</useHitPoints>
		<selectable>true</selectable>
		<altitudeLayer>Item</altitudeLayer>
		<stackLimit>75</stackLimit>
		<socialPropernessMatters>true</socialPropernessMatters>
		<tickerType>Rare</tickerType>
		<comps>
			<li Class="CompProperties_Forbiddable"/>
			<li Class="CompProperties_Rottable">
				<daysToRotStart>3</daysToRotStart>
			</li>
		</comps>
		<alwaysHaulable>true</alwaysHaulable>
		<drawGUIOverlay>true</drawGUIOverlay>
		<rotatable>false</rotatable>
		<pathCost>15</pathCost>
	</ThingDef>

	<!-- ============ AlgaeKryllRaw ============ -->

	<ThingDef ParentName="ARRawResourceBase">
		<defName>AdRef_ThingDef_AlgaeKryllRaw</defName>
		<label>Algae-Kryll Goo</label>
		<description>A nutrient-rich food that contains high levels of proteins, stabilized with a fine nanowire mesh</description>
		<graphicData>
			<texPath>AlgaeKryllRaw</texPath>
			<graphicClass>Graphic_Single</graphicClass>
		</graphicData>
		<soundInteract>Standard_Drop</soundInteract>
		<soundDrop>Standard_Drop</soundDrop>
		<statBases>
			<MaxHitPoints>100</MaxHitPoints>
			<Flammability>1.0</Flammability>
			<DeteriorationRate>5</DeteriorationRate>
			<MarketValue>4</MarketValue>
			<Nutrition>0.25</Nutrition>
			<Mass>0.44</Mass>
		</statBases>
		<ingestible>
			<preferability>RawBad</preferability>
			<tasteThought>AteRawFood</tasteThought>
			<ingestEffect>EatVegetarian</ingestEffect>
			<ingestSound>RawVegetable_Eat</ingestSound>
			<foodType>Fluid, Processed, AnimalProduct</foodType>
		</ingestible>
		<thingCategories>
			<li>MeatRaw</li>
		</thingCategories>
	</ThingDef>

	<!-- ============ ElectrodrinkRaw ============ -->

	<ThingDef ParentName="ARRawResourceBase">
		<defName>AdRef_ThingDef_ElectrodrinkRaw</defName>
		<label>Electrolyte Solution</label>
		<description>A canister filled with electrolyte solution, stabilized with a fine nanowire mesh</description>
		<graphicData>
			<texPath>ElectrodrinkRaw</texPath>
			<graphicClass>Graphic_Single</graphicClass>
		</graphicData>
		<soundInteract>Standard_Drop</soundInteract>
		<soundDrop>Standard_Drop</soundDrop>
		<statBases>
			<MaxHitPoints>100</MaxHitPoints>
			<Flammability>1.0</Flammability>
			<DeteriorationRate>5</DeteriorationRate>
			<MarketValue>4</MarketValue>
			<Nutrition>0.25</Nutrition>
			<Mass>0.44</Mass>
		</statBases>
		<ingestible>
			<preferability>RawBad</preferability>
			<ingestEffect>EatVegetarian</ingestEffect>
			<ingestSound>Ingest_Beer</ingestSound>
			<foodType>Fluid, Processed</foodType>
		</ingestible>
		<thingCategories>
			<li>PlantFoodRaw</li>
		</thingCategories>
	</ThingDef>

	<!-- ============ ARMealBase ============ -->

	<ThingDef Name="ARMealBase" Abstract="True">
		<label>meal</label>
		<thingClass>ThingWithComps</thingClass>
		<category>Item</category>
		<useHitPoints>true</useHitPoints>
		<selectable>true</selectable>
		<statBases>
			<MaxHitPoints>50</MaxHitPoints>
			<Flammability>1.0</Flammability>
			<Beauty>-4</Beauty>
			<Mass>0.44</Mass>
			<DeteriorationRate>10</DeteriorationRate>
		</statBases>
		<altitudeLayer>Item</altitudeLayer>
		<stackLimit>10</stackLimit>
		<tickerType>Rare</tickerType>
		<description>"Meal lacks desc."</description>
		<socialPropernessMatters>true</socialPropernessMatters>
		<thingCategories>
			<li>FoodMeals</li>
		</thingCategories>
		<alwaysHaulable>true</alwaysHaulable>
		<comps>
			<li Class="CompProperties_Forbiddable" />
			<li Class="CompProperties_Ingredients" />
			<li Class="CompProperties_FoodPoisonable" />
		</comps>
		<pathCost>15</pathCost>
		<resourceReadoutPriority>Last</resourceReadoutPriority>
		<drawGUIOverlay>true</drawGUIOverlay>
		<ingestible>
			<foodType>Meal, Processed</foodType>
			<maxNumToIngestAtOnce>1</maxNumToIngestAtOnce>
			<optimalityOffsetHumanlikes>16</optimalityOffsetHumanlikes>
		</ingestible>
		<rotatable>false</rotatable>
	</ThingDef>

	<!-- ============ SynthMeal ============ -->

	<ThingDef ParentName="ARMealBase">
		<defName>AdRef_ThingDef_SynthMeal</defName>
		<label>synth meal</label>
		<description>A synthetic mixture of Algae-Kryll Goo and Electrolyte Solution. Everything the body needs, and then some. Addictive, disgusting, and strangely delicious.</description>
		<graphicData>
			<texPath>Things/Item/Meal/NutrientPaste</texPath>
			<graphicClass>Graphic_StackCount</graphicClass>
		</graphicData>
		<statBases>
			<DeteriorationRate>5</DeteriorationRate>
			<MarketValue>15</MarketValue>
			<Mass>0.3</Mass>
			<Nutrition>0.85</Nutrition>
		</statBases>
		<ingestible>
			<preferability>MealSimple</preferability>
			<ingestEffect>EatVegetarian</ingestEffect>
			<ingestSound>Meal_Eat</ingestSound>
			<foodType>Processed</foodType>
			<chairSearchRadius>25</chairSearchRadius>
			<outcomeDoers>
				<li Class="IngestionOutcomeDoer_GiveHediff">
					<hediffDef>AdRef_HeDiffs_SynthMealEffect</hediffDef>
					<severity>0.24</severity>
				</li>
			</outcomeDoers>
		</ingestible>
		<comps>
			<li Class="CompProperties_Rottable">
				<daysToRotStart>4</daysToRotStart>
				<rotDestroys>true</rotDestroys>
			</li>
		</comps>
		<socialPropernessMatters>true</socialPropernessMatters>
		
	</ThingDef>

</Defs>