<?xml version="1.0" encoding="utf-8" ?>
<Defs>


	<!-- ============ make steel slag ============ -->

	<RecipeDef ParentName="ARRecipeArmorBase">
		<defName>AdRef_RecipeDefs_Craft_Steel_Slag</defName>
		<label>Craft Steel Slag</label>
		<description>Craft steel slag.(makes 1 slag)</description>
		<jobString>Crafting</jobString>
		<workAmount>500</workAmount>
		<ingredients>
		  <li>
			<filter>
			  <thingDefs>
				<li>Steel</li>
			  </thingDefs>
			</filter>
			<count>25</count>
		  </li>
		</ingredients>
		<fixedIngredientFilter>
		  <thingDefs>
			<li>Steel</li>
		  </thingDefs>
		</fixedIngredientFilter>
		<products>
			<ChunkSlagSteel>1</ChunkSlagSteel>
		</products>
		<skillRequirements>
			<Crafting>6</Crafting>
		</skillRequirements>
	</RecipeDef>


</Defs>