<?xml version="1.0" encoding="utf-8" ?>
<Defs>

	<HediffDef>
		<defName>AdRef_HeDiffs_SynthMealEffect</defName>
		<hediffClass>HediffWithComps</hediffClass>
		<label>SynthMeal Effects</label>
		<defaultLabelColor>(1,0,0.5)</defaultLabelColor>
		<comps>
			<li Class="HediffCompProperties_SeverityPerDay">
				<severityPerDay>-0.20</severityPerDay>
			</li>
		</comps>
		<stages>
			<li>
				<minSeverity>0.1</minSeverity>
				<label>1%</label>
				<painFactor>0.95</painFactor>
				<socialFightChanceFactor>0.95</socialFightChanceFactor>
				<capMods>
					<li>
						<capacity>Sight</capacity>
						<offset>+0.01</offset>
					</li>
					<li>
						<capacity>Hearing</capacity>
						<offset>+0.01</offset>
					</li>
					<li>
						<capacity>Moving</capacity>
						<offset>-0.01</offset>
					</li>
				</capMods>
			</li>
			<li>
				<minSeverity>0.25</minSeverity>
				<label>2%</label>
				<painFactor>0.9</painFactor>
				<socialFightChanceFactor>0.9</socialFightChanceFactor>
				<capMods>
					<li>
						<capacity>Sight</capacity>
						<offset>+0.02</offset>
					</li>
					<li>
						<capacity>Hearing</capacity>
						<offset>+0.02</offset>
					</li>
					<li>
						<capacity>Moving</capacity>
						<offset>-0.02</offset>
					</li>
				</capMods>
			</li>
			<li>
				<minSeverity>0.4</minSeverity>
				<label>3%</label>
				<painFactor>0.85</painFactor>
				<socialFightChanceFactor>0.85</socialFightChanceFactor>
				<capMods>
					<li>
						<capacity>Sight</capacity>
						<offset>+0.03</offset>
					</li>
					<li>
						<capacity>Hearing</capacity>
						<offset>+0.03</offset>
					</li>
					<li>
						<capacity>Moving</capacity>
						<offset>-0.03</offset>
					</li>
				</capMods>
			</li>
			<li>
				<minSeverity>0.7</minSeverity>
				<label>4%</label>
				<painFactor>0.8</painFactor>
				<socialFightChanceFactor>0.8</socialFightChanceFactor>
				<capMods>
					<li>
						<capacity>Sight</capacity>
						<offset>+0.04</offset>
					</li>
					<li>
						<capacity>Hearing</capacity>
						<offset>+0.04</offset>
					</li>
					<li>
						<capacity>Moving</capacity>
						<offset>-0.04</offset>
					</li>
				</capMods>
			</li>
			<li>
				<minSeverity>0.9</minSeverity>
				<label>5%</label>
				<painFactor>0.75</painFactor>
				<socialFightChanceFactor>0.75</socialFightChanceFactor>
				<tale>AdRef_TaleDefs_SynthMealAddicted</tale>
				<capMods>
					<li>
						<capacity>Sight</capacity>
						<offset>+0.05</offset>
					</li>
					<li>
						<capacity>Hearing</capacity>
						<offset>+0.05</offset>
					</li>
					<li>
						<capacity>Moving</capacity>
						<offset>-0.05</offset>
					</li>
				</capMods>
			</li>
		</stages>
	</HediffDef>

</Defs>